{"OA": 87.72323706500663, "AA": 86.50893987828223, "Kappa": 86.03169737398404, "PerClass": [100.0, 65.95135908440629, 89.5, 99.03381642512076, 93.37748344370861, 94.14285714285714, 92.3076923076923, 100.0, 0.0, 92.35668789808918, 84.49484536082474, 84.7246891651865, 100.0, 99.75708502024293, 93.25842696629213, 95.23809523809523], "edge_cut_ratio": 0.18154230631917173}